month,year,PRCP,SMS_-2,SMS_-4,SMS_-8,SMS_-20,SMS_-40,TAVG,TMAX,TMIN,stationTriplet,latitude,longitude
4,2002,,22.1,20.8,18.3,33.7,36.8,,,,2057:AL:SCAN,34.78534,-86.55906
5,2002,4.8,12.2,12.0,12.2,26.0,33.5,66.2,,37.9,2057:AL:SCAN,34.78534,-86.55906
6,2002,2.08,14.3,13.2,12.0,20.6,28.8,75.2,,54.1,2057:AL:SCAN,34.78534,-86.55906
7,2002,3.4,11.8,11.3,11.4,21.7,27.4,78.1,,64.9,2057:AL:SCAN,34.78534,-86.55906
8,2002,1.44,15.6,14.5,13.0,21.5,27.9,77.7,,60.8,2057:AL:SCAN,34.78534,-86.55906
9,2002,2.19,25.6,22.3,19.2,31.4,37.6,74.7,,56.3,2057:AL:SCAN,34.78534,-86.55906
10,2002,,29.0,24.0,20.1,32.5,39.5,63.5,,37.9,2057:AL:SCAN,34.78534,-86.55906
11,2002,0.12,29.4,24.4,20.2,32.4,39.1,47.5,,21.9,2057:AL:SCAN,34.78534,-86.55906
12,2002,6.34,29.1,24.1,20.0,31.8,38.1,42.0,,18.1,2057:AL:SCAN,34.78534,-86.55906
1,2003,1.92,31.5,26.1,21.6,33.0,39.4,35.0,,3.2,2057:AL:SCAN,34.78534,-86.55906
2,2003,8.51,27.8,23.7,19.9,32.1,39.2,42.6,,14.2,2057:AL:SCAN,34.78534,-86.55906
3,2003,1.8,24.9,21.7,19.8,32.0,39.2,53.6,,25.5,2057:AL:SCAN,34.78534,-86.55906
4,2003,5.08,27.7,25.3,22.1,33.9,41.6,61.9,,36.7,2057:AL:SCAN,34.78534,-86.55906
5,2003,10.53,23.0,20.2,21.9,30.0,37.6,67.6,,47.8,2057:AL:SCAN,34.78534,-86.55906
6,2003,3.5,26.8,25.2,23.2,34.4,42.1,71.9,,50.7,2057:AL:SCAN,34.78534,-86.55906
7,2003,,21.5,18.8,22.6,30.5,38.0,76.0,,58.6,2057:AL:SCAN,34.78534,-86.55906
8,2003,,19.3,17.9,22.5,28.8,36.6,77.3,,64.4,2057:AL:SCAN,34.78534,-86.55906
9,2003,4.07,23.2,19.5,22.6,31.6,38.0,70.2,,40.8,2057:AL:SCAN,34.78534,-86.55906
10,2003,0.93,29.2,24.5,23.0,33.8,39.9,60.6,,36.1,2057:AL:SCAN,34.78534,-86.55906
11,2003,5.62,33.0,28.6,30.3,35.6,42.8,55.5,,24.1,2057:AL:SCAN,34.78534,-86.55906
12,2003,3.73,32.9,28.7,30.2,35.1,42.5,40.9,,20.5,2057:AL:SCAN,34.78534,-86.55906
1,2004,3.21,34.0,30.1,32.5,38.9,42.6,40.7,,16.9,2057:AL:SCAN,34.78534,-86.55906
2,2004,6.5,30.1,27.7,35.8,46.5,42.9,42.4,,26.1,2057:AL:SCAN,34.78534,-86.55906
3,2004,4.87,26.2,23.1,30.1,46.1,42.3,55.6,,27.9,2057:AL:SCAN,34.78534,-86.55906
4,2004,5.15,27.9,22.9,28.4,43.7,41.0,59.5,,34.0,2057:AL:SCAN,34.78534,-86.55906
5,2004,3.21,20.1,20.1,31.9,39.9,39.8,71.1,,37.6,2057:AL:SCAN,34.78534,-86.55906
6,2004,3.85,23.3,24.2,34.0,45.1,45.5,74.5,,58.8,2057:AL:SCAN,34.78534,-86.55906
7,2004,5.75,18.4,19.1,29.1,42.4,42.4,75.9,,60.6,2057:AL:SCAN,34.78534,-86.55906
8,2004,1.92,18.0,20.2,29.8,42.2,42.1,73.0,,51.1,2057:AL:SCAN,34.78534,-86.55906
9,2004,3.05,20.0,20.4,28.8,42.6,42.7,70.3,,49.5,2057:AL:SCAN,34.78534,-86.55906
10,2004,5.47,31.3,30.3,34.3,44.7,45.6,64.6,,40.8,2057:AL:SCAN,34.78534,-86.55906
11,2004,7.39,34.6,32.1,36.0,44.5,44.6,54.5,,29.5,2057:AL:SCAN,34.78534,-86.55906
12,2004,8.35,34.6,33.6,36.3,44.5,44.0,41.4,,13.1,2057:AL:SCAN,34.78534,-86.55906
1,2005,2.38,38.8,37.9,38.1,44.8,44.8,45.3,,14.4,2057:AL:SCAN,34.78534,-86.55906
2,2005,5.35,37.1,35.8,37.5,44.8,44.6,46.9,,20.3,2057:AL:SCAN,34.78534,-86.55906
3,2005,3.5,33.6,33.9,36.4,44.8,45.4,49.9,,21.4,2057:AL:SCAN,34.78534,-86.55906
4,2005,5.39,25.1,26.5,31.1,41.7,42.7,59.8,,33.1,2057:AL:SCAN,34.78534,-86.55906
5,2005,1.97,30.7,30.9,33.9,44.1,45.8,65.0,,38.1,2057:AL:SCAN,34.78534,-86.55906
6,2005,5.54,29.2,29.3,33.8,43.4,46.4,73.9,,54.9,2057:AL:SCAN,34.78534,-86.55906
7,2005,3.35,22.5,23.4,28.7,41.8,45.1,77.5,,65.1,2057:AL:SCAN,34.78534,-86.55906
8,2005,4.4,21.8,23.6,27.4,42.9,46.0,78.3,,61.5,2057:AL:SCAN,34.78534,-86.55906
9,2005,0.3,18.5,20.6,24.4,42.9,44.9,73.1,,47.8,2057:AL:SCAN,34.78534,-86.55906
10,2005,0.04,23.3,23.8,27.6,42.1,43.9,60.2,,31.8,2057:AL:SCAN,34.78534,-86.55906
11,2005,4.64,32.4,31.4,33.7,43.7,45.0,52.7,,24.3,2057:AL:SCAN,34.78534,-86.55906
12,2005,3.81,33.8,32.5,35.0,44.0,45.0,38.7,,17.2,2057:AL:SCAN,34.78534,-86.55906
1,2006,5.61,35.3,33.9,36.0,44.0,44.7,48.2,,24.4,2057:AL:SCAN,34.78534,-86.55906
2,2006,2.48,32.1,30.5,,44.1,44.4,41.7,,14.5,2057:AL:SCAN,34.78534,-86.55906
3,2006,2.09,,,,42.3,44.8,52.8,,25.3,2057:AL:SCAN,34.78534,-86.55906
4,2006,4.62,,,23.0,43.0,46.2,65.4,,36.5,2057:AL:SCAN,34.78534,-86.55906
5,2006,4.74,21.8,22.2,14.6,36.5,41.7,67.4,92.8,42.1,2057:AL:SCAN,34.78534,-86.55906
6,2006,2.61,13.1,14.8,11.0,29.1,33.0,74.3,95.5,50.7,2057:AL:SCAN,34.78534,-86.55906
7,2006,1.9,,,,,,80.0,99.5,59.0,2057:AL:SCAN,34.78534,-86.55906
10,2006,,,,,,,,82.0,,2057:AL:SCAN,34.78534,-86.55906
11,2006,5.0,,,,,,50.2,76.5,24.4,2057:AL:SCAN,34.78534,-86.55906
12,2006,3.8,,,,,,45.5,71.8,12.9,2057:AL:SCAN,34.78534,-86.55906
1,2007,2.7,,,,,,43.1,71.6,12.2,2057:AL:SCAN,34.78534,-86.55906
2,2007,2.3,,,,,,40.4,74.7,15.3,2057:AL:SCAN,34.78534,-86.55906
3,2007,1.1,20.1,27.9,32.1,39.2,34.7,59.6,85.3,24.6,2057:AL:SCAN,34.78534,-86.55906
4,2007,4.5,15.8,22.8,28.5,38.4,33.0,57.6,85.6,22.8,2057:AL:SCAN,34.78534,-86.55906
5,2007,1.7,14.6,19.1,23.2,32.1,30.8,70.6,88.7,41.4,2057:AL:SCAN,34.78534,-86.55906
6,2007,15.3,23.9,28.9,32.7,38.0,30.0,77.4,96.3,56.7,2057:AL:SCAN,34.78534,-86.55906
7,2007,4.8,13.4,20.5,24.2,33.5,29.6,76.3,92.7,60.6,2057:AL:SCAN,34.78534,-86.55906
8,2007,1.9,15.3,22.0,24.0,30.4,28.4,83.2,103.6,68.2,2057:AL:SCAN,34.78534,-86.55906
9,2007,1.7,16.1,21.9,22.7,30.2,27.3,74.1,93.0,49.3,2057:AL:SCAN,34.78534,-86.55906
10,2007,2.94,22.3,28.7,31.5,35.7,30.4,64.9,91.0,36.3,2057:AL:SCAN,34.78534,-86.55906
11,2007,3.88,27.2,31.2,33.3,39.0,39.1,50.6,74.5,26.1,2057:AL:SCAN,34.78534,-86.55906
12,2007,1.97,28.9,31.9,33.4,38.8,38.4,48.7,77.2,20.8,2057:AL:SCAN,34.78534,-86.55906
1,2008,3.32,31.2,33.3,34.6,39.4,41.0,39.6,72.0,11.7,2057:AL:SCAN,34.78534,-86.55906
2,2008,3.48,29.8,32.4,34.2,39.6,38.9,45.7,73.4,16.7,2057:AL:SCAN,34.78534,-86.55906
3,2008,5.05,24.2,29.7,31.9,39.0,37.2,51.9,75.9,23.5,2057:AL:SCAN,34.78534,-86.55906
4,2008,3.37,21.3,27.4,28.1,34.5,34.7,59.9,84.0,31.5,2057:AL:SCAN,34.78534,-86.55906
5,2008,4.83,18.8,26.1,29.4,38.0,35.6,67.6,89.1,41.7,2057:AL:SCAN,34.78534,-86.55906
6,2008,1.63,17.9,25.2,27.2,34.3,31.9,76.4,93.7,53.2,2057:AL:SCAN,34.78534,-86.55906
7,2008,3.52,18.2,24.1,26.2,35.0,34.0,77.7,98.4,53.2,2057:AL:SCAN,34.78534,-86.55906
8,2008,6.36,18.7,26.9,29.9,39.2,35.6,76.2,95.5,58.1,2057:AL:SCAN,34.78534,-86.55906
9,2008,1.62,19.9,27.7,30.3,39.2,38.0,71.7,92.3,50.2,2057:AL:SCAN,34.78534,-86.55906
10,2008,4.84,27.1,31.7,32.8,39.2,39.9,59.3,83.7,28.9,2057:AL:SCAN,34.78534,-86.55906
11,2008,2.88,35.2,35.0,35.1,40.0,44.6,46.9,76.5,15.8,2057:AL:SCAN,34.78534,-86.55906
12,2008,9.36,34.1,34.3,34.5,39.5,39.7,44.0,72.5,12.9,2057:AL:SCAN,34.78534,-86.55906
1,2009,4.0,32.8,34.5,34.8,39.5,40.1,39.8,69.4,6.6,2057:AL:SCAN,34.78534,-86.55906
2,2009,3.1,30.1,34.4,35.3,40.2,40.7,44.6,74.5,11.3,2057:AL:SCAN,34.78534,-86.55906
3,2009,5.0,31.1,34.4,35.3,40.6,40.3,53.8,80.6,17.6,2057:AL:SCAN,34.78534,-86.55906
4,2009,4.9,31.6,34.0,34.9,40.6,40.0,59.9,86.4,31.1,2057:AL:SCAN,34.78534,-86.55906
5,2009,6.9,20.8,25.9,31.0,37.9,35.8,67.9,88.5,41.0,2057:AL:SCAN,34.78534,-86.55906
6,2009,2.3,18.4,24.9,30.3,34.9,33.3,77.4,95.5,51.3,2057:AL:SCAN,34.78534,-86.55906
7,2009,5.5,17.3,23.0,29.1,37.1,32.7,75.3,92.1,54.9,2057:AL:SCAN,34.78534,-86.55906
8,2009,2.0,25.6,28.9,33.4,39.0,37.9,75.8,94.1,57.4,2057:AL:SCAN,34.78534,-86.55906
9,2009,7.1,32.1,35.0,35.5,41.2,40.8,71.5,90.0,45.3,2057:AL:SCAN,34.78534,-86.55906
10,2009,6.1,29.5,34.2,34.3,40.3,38.9,58.6,87.4,31.3,2057:AL:SCAN,34.78534,-86.55906
11,2009,2.7,,,,,,51.3,77.0,29.3,2057:AL:SCAN,34.78534,-86.55906
1,2010,,41.2,38.9,36.2,39.7,40.0,,,,2057:AL:SCAN,34.78534,-86.55906
2,2010,,,,,,,35.8,68.4,20.8,2057:AL:SCAN,34.78534,-86.55906
3,2010,7.9,22.9,26.2,28.1,37.1,36.1,,,,2057:AL:SCAN,34.78534,-86.55906
4,2010,2.8,22.3,27.1,27.3,35.9,36.0,62.6,86.7,38.5,2057:AL:SCAN,34.78534,-86.55906
5,2010,4.1,24.8,25.9,29.8,37.7,36.7,70.4,90.9,44.4,2057:AL:SCAN,34.78534,-86.55906
6,2010,5.6,16.2,14.7,24.6,33.5,32.6,78.5,95.5,57.9,2057:AL:SCAN,34.78534,-86.55906
7,2010,2.1,14.4,11.4,22.2,31.3,30.5,80.5,98.6,61.2,2057:AL:SCAN,34.78534,-86.55906
8,2010,,,,,,,81.6,101.8,64.9,2057:AL:SCAN,34.78534,-86.55906
5,2011,,17.0,17.5,27.1,32.5,33.9,,,,2057:AL:SCAN,34.78534,-86.55906
6,2011,3.79,23.4,24.0,35.2,41.1,37.7,77.6,95.2,59.9,2057:AL:SCAN,34.78534,-86.55906
7,2011,4.3,19.5,20.8,31.3,39.6,40.0,79.5,96.1,63.5,2057:AL:SCAN,34.78534,-86.55906
8,2011,2.86,22.9,23.6,32.2,39.1,39.9,77.9,99.5,58.5,2057:AL:SCAN,34.78534,-86.55906
9,2011,7.09,18.8,19.9,30.3,37.3,35.8,67.6,96.6,46.2,2057:AL:SCAN,34.78534,-86.55906
10,2011,1.79,27.4,26.7,34.5,38.7,35.9,57.1,84.4,30.0,2057:AL:SCAN,34.78534,-86.55906
11,2011,5.66,33.6,30.3,35.7,40.5,43.6,53.5,74.5,25.3,2057:AL:SCAN,34.78534,-86.55906
12,2011,6.48,34.5,32.1,36.0,40.5,41.9,45.5,69.8,23.7,2057:AL:SCAN,34.78534,-86.55906
1,2012,9.28,33.6,33.3,36.0,40.5,40.8,46.4,69.6,18.1,2057:AL:SCAN,34.78534,-86.55906
2,2012,3.53,32.0,32.4,36.0,41.0,40.6,48.1,77.0,17.8,2057:AL:SCAN,34.78534,-86.55906
3,2012,3.56,14.7,20.1,28.5,38.6,37.4,62.4,84.0,30.9,2057:AL:SCAN,34.78534,-86.55906
4,2012,0.73,14.7,21.1,28.8,37.2,36.1,62.5,86.5,30.9,2057:AL:SCAN,34.78534,-86.55906
5,2012,2.12,14.9,20.9,28.6,37.2,35.9,71.3,91.8,46.0,2057:AL:SCAN,34.78534,-86.55906
6,2012,3.44,19.3,24.3,31.4,36.3,35.3,75.6,104.0,48.7,2057:AL:SCAN,34.78534,-86.55906
7,2012,6.84,20.7,27.2,34.3,39.8,34.6,79.9,102.7,64.0,2057:AL:SCAN,34.78534,-86.55906
8,2012,3.35,23.1,29.1,34.4,41.5,40.0,75.6,95.7,55.4,2057:AL:SCAN,34.78534,-86.55906
9,2012,7.27,29.4,32.7,35.3,41.4,40.9,68.9,91.9,42.6,2057:AL:SCAN,34.78534,-86.55906
10,2012,2.79,27.6,32.3,33.7,40.2,39.2,58.0,82.2,35.4,2057:AL:SCAN,34.78534,-86.55906
11,2012,2.08,32.4,34.8,35.1,40.8,42.0,47.9,80.6,23.4,2057:AL:SCAN,34.78534,-86.55906
12,2012,6.32,36.5,36.4,36.0,40.7,41.1,48.5,72.3,24.8,2057:AL:SCAN,34.78534,-86.55906
1,2013,9.41,37.0,36.5,36.1,40.6,41.4,44.3,70.5,22.1,2057:AL:SCAN,34.78534,-86.55906
2,2013,3.3,34.8,36.0,36.3,40.7,40.9,43.5,63.1,19.9,2057:AL:SCAN,34.78534,-86.55906
3,2013,6.84,28.7,34.8,36.7,41.2,40.9,46.3,75.0,23.9,2057:AL:SCAN,34.78534,-86.55906
4,2013,4.69,27.8,35.3,37.4,41.8,40.6,59.7,86.0,32.0,2057:AL:SCAN,34.78534,-86.55906
5,2013,6.54,21.1,29.2,31.9,40.1,38.4,66.3,88.2,38.1,2057:AL:SCAN,34.78534,-86.55906
6,2013,4.51,22.1,29.6,32.3,41.3,40.9,75.3,94.3,57.7,2057:AL:SCAN,34.78534,-86.55906
7,2013,6.97,27.9,33.4,34.1,41.7,40.7,75.2,91.6,59.7,2057:AL:SCAN,34.78534,-86.55906
8,2013,5.22,23.4,29.1,32.8,41.7,40.1,74.4,92.1,58.1,2057:AL:SCAN,34.78534,-86.55906
9,2013,4.5,20.7,25.5,31.3,40.3,37.7,70.9,89.8,50.4,2057:AL:SCAN,34.78534,-86.55906
10,2013,0.86,28.3,30.0,33.3,39.1,37.7,60.9,85.1,27.1,2057:AL:SCAN,34.78534,-86.55906
11,2013,3.58,33.3,33.6,35.4,40.9,43.9,47.3,74.3,15.8,2057:AL:SCAN,34.78534,-86.55906
12,2013,8.13,31.5,33.4,35.1,40.3,41.8,42.9,76.1,18.7,2057:AL:SCAN,34.78534,-86.55906
1,2014,3.63,34.8,34.8,35.8,40.7,43.2,33.6,62.4,3.7,2057:AL:SCAN,34.78534,-86.55906
2,2014,7.04,33.0,34.5,35.6,40.7,41.2,41.8,72.3,15.6,2057:AL:SCAN,34.78534,-86.55906
3,2014,2.51,35.0,35.4,37.1,41.7,42.0,48.6,75.9,23.0,2057:AL:SCAN,34.78534,-86.55906
4,2014,8.53,30.1,32.9,38.3,42.1,41.7,61.2,83.3,28.9,2057:AL:SCAN,34.78534,-86.55906
5,2014,4.36,26.5,29.9,36.9,42.0,42.0,68.6,87.8,41.4,2057:AL:SCAN,34.78534,-86.55906
6,2014,6.12,24.5,29.4,34.4,38.5,37.3,75.0,91.6,63.0,2057:AL:SCAN,34.78534,-86.55906
7,2014,3.93,24.5,31.5,36.9,40.3,38.7,74.3,92.5,54.0,2057:AL:SCAN,34.78534,-86.55906
8,2014,5.58,22.0,28.0,36.1,41.2,41.2,75.4,93.0,55.4,2057:AL:SCAN,34.78534,-86.55906
9,2014,0.67,24.6,30.4,35.7,39.7,40.6,71.3,90.7,47.8,2057:AL:SCAN,34.78534,-86.55906
10,2014,9.96,31.6,33.0,37.9,41.1,44.3,60.5,85.6,34.3,2057:AL:SCAN,34.78534,-86.55906
11,2014,4.1,34.7,34.7,38.1,41.4,44.5,44.4,72.1,14.9,2057:AL:SCAN,34.78534,-86.55906
12,2014,,36.0,35.1,37.4,41.0,43.3,43.7,70.3,22.8,2057:AL:SCAN,34.78534,-86.55906
1,2015,,36.1,35.1,37.2,40.7,43.3,37.9,63.9,3.4,2057:AL:SCAN,34.78534,-86.55906
2,2015,,38.8,37.9,38.9,41.5,45.4,33.4,63.0,5.5,2057:AL:SCAN,34.78534,-86.55906
3,2015,,39.1,39.6,39.9,42.4,45.3,51.5,77.9,12.9,2057:AL:SCAN,34.78534,-86.55906
4,2015,,27.0,29.0,34.5,38.3,39.1,61.5,81.7,33.1,2057:AL:SCAN,34.78534,-86.55906
5,2015,,33.4,33.9,41.5,42.6,41.8,68.1,87.3,39.7,2057:AL:SCAN,34.78534,-86.55906
6,2015,,33.2,36.6,44.3,42.9,42.5,76.4,94.8,58.5,2057:AL:SCAN,34.78534,-86.55906
7,2015,4.72,32.9,37.2,43.8,43.1,44.5,78.3,94.6,63.3,2057:AL:SCAN,34.78534,-86.55906
8,2015,7.85,,,,,,74.3,97.0,54.3,2057:AL:SCAN,34.78534,-86.55906
9,2015,1.39,26.8,30.2,33.3,40.9,40.5,,,,2057:AL:SCAN,34.78534,-86.55906
10,2015,2.19,34.4,39.0,37.1,42.1,,61.2,84.2,36.0,2057:AL:SCAN,34.78534,-86.55906
11,2015,7.41,37.9,40.6,39.2,42.2,47.6,56.3,76.6,21.0,2057:AL:SCAN,34.78534,-86.55906
12,2015,12.23,40.6,40.5,38.8,41.5,45.0,53.5,75.6,23.2,2057:AL:SCAN,34.78534,-86.55906
1,2016,3.97,41.4,41.0,38.2,41.7,46.1,38.4,67.8,14.0,2057:AL:SCAN,34.78534,-86.55906
2,2016,7.16,39.9,40.2,38.9,42.2,46.3,44.8,73.9,18.5,2057:AL:SCAN,34.78534,-86.55906
3,2016,4.95,36.0,38.4,38.5,42.7,46.2,57.0,86.0,29.7,2057:AL:SCAN,34.78534,-86.55906
4,2016,2.26,28.6,29.1,35.3,42.2,42.4,61.5,84.2,37.4,2057:AL:SCAN,34.78534,-86.55906
5,2016,1.12,20.2,23.1,29.3,37.0,40.0,67.2,89.6,40.3,2057:AL:SCAN,34.78534,-86.55906
6,2016,1.98,23.5,27.0,33.5,37.8,38.9,77.0,96.4,53.4,2057:AL:SCAN,34.78534,-86.55906
7,2016,,27.3,29.6,38.1,42.9,43.5,79.3,95.7,57.6,2057:AL:SCAN,34.78534,-86.55906
8,2016,,18.0,23.3,32.1,40.8,41.1,78.2,94.3,63.5,2057:AL:SCAN,34.78534,-86.55906
9,2016,,12.6,18.5,22.9,34.3,38.5,75.1,94.6,46.8,2057:AL:SCAN,34.78534,-86.55906
10,2016,,13.9,18.1,22.5,31.8,36.8,66.0,88.7,37.2,2057:AL:SCAN,34.78534,-86.55906
11,2016,,31.2,32.7,34.8,41.2,46.6,55.1,86.0,24.3,2057:AL:SCAN,34.78534,-86.55906
12,2016,,33.3,34.2,35.8,41.5,45.0,44.6,74.3,20.1,2057:AL:SCAN,34.78534,-86.55906
1,2017,,34.3,33.8,35.3,41.1,43.0,48.8,72.7,9.3,2057:AL:SCAN,34.78534,-86.55906
2,2017,,35.0,36.0,36.6,41.9,43.9,51.7,78.6,21.7,2057:AL:SCAN,34.78534,-86.55906
3,2017,,33.6,35.4,36.5,42.7,43.2,53.6,82.6,19.0,2057:AL:SCAN,34.78534,-86.55906
4,2017,,34.2,35.9,,43.2,44.1,65.4,87.6,36.3,2057:AL:SCAN,34.78534,-86.55906
5,2017,,31.9,36.4,,43.3,44.1,67.9,90.0,43.0,2057:AL:SCAN,34.78534,-86.55906
6,2017,,34.2,39.0,,44.2,45.5,73.6,91.4,53.1,2057:AL:SCAN,34.78534,-86.55906
7,2017,,31.5,38.7,41.1,44.2,45.9,77.8,94.6,61.2,2057:AL:SCAN,34.78534,-86.55906
8,2017,8.97,30.6,37.4,40.6,43.6,44.9,74.9,92.3,60.1,2057:AL:SCAN,34.78534,-86.55906
9,2017,3.29,27.9,35.1,39.8,42.4,44.2,68.0,89.6,47.1,2057:AL:SCAN,34.78534,-86.55906
10,2017,5.51,29.9,37.2,39.5,42.0,43.5,61.5,87.8,29.1,2057:AL:SCAN,34.78534,-86.55906
11,2017,1.19,30.4,37.0,39.3,41.3,43.5,52.4,79.5,24.1,2057:AL:SCAN,34.78534,-86.55906
12,2017,4.86,26.8,31.2,38.8,40.6,42.5,41.8,68.5,14.7,2057:AL:SCAN,34.78534,-86.55906
1,2018,1.78,35.4,38.8,40.1,42.0,45.7,36.2,68.4,3.6,2057:AL:SCAN,34.78534,-86.55906
2,2018,11.3,30.9,39.4,40.3,42.2,44.2,52.6,80.8,21.0,2057:AL:SCAN,34.78534,-86.55906
3,2018,3.52,29.4,40.2,40.8,42.9,45.0,50.8,76.6,24.3,2057:AL:SCAN,34.78534,-86.55906
4,2018,7.51,21.0,33.3,39.5,43.5,44.3,55.8,81.7,29.3,2057:AL:SCAN,34.78534,-86.55906
5,2018,4.13,23.9,37.1,40.7,44.8,46.5,72.3,89.2,46.6,2057:AL:SCAN,34.78534,-86.55906
6,2018,7.78,21.5,33.2,40.0,44.4,44.6,76.0,92.8,56.1,2057:AL:SCAN,34.78534,-86.55906
7,2018,2.64,23.5,34.6,39.6,44.1,45.5,78.7,95.4,61.5,2057:AL:SCAN,34.78534,-86.55906
8,2018,4.56,22.9,33.7,39.7,44.2,45.7,77.8,95.2,58.1,2057:AL:SCAN,34.78534,-86.55906
9,2018,5.69,22.1,33.1,39.1,42.9,44.2,76.7,98.1,60.6,2057:AL:SCAN,34.78534,-86.55906
10,2018,2.64,27.4,36.4,39.7,41.8,43.9,63.5,92.1,34.2,2057:AL:SCAN,34.78534,-86.55906
11,2018,7.95,28.8,37.2,40.2,41.7,45.4,46.5,72.9,19.8,2057:AL:SCAN,34.78534,-86.55906
12,2018,9.7,27.7,37.0,40.3,41.7,44.4,45.9,73.4,21.7,2057:AL:SCAN,34.78534,-86.55906
1,2019,7.58,26.4,36.6,40.4,42.1,44.8,42.0,67.5,18.9,2057:AL:SCAN,34.78534,-86.55906
2,2019,0.0,24.1,35.3,40.5,42.4,44.5,51.4,76.1,28.0,2057:AL:SCAN,34.78534,-86.55906
3,2019,0.0,24.5,35.4,40.7,43.3,44.7,50.9,76.8,21.6,2057:AL:SCAN,34.78534,-86.55906
4,2019,0.0,20.3,33.8,40.6,44.2,44.6,63.0,86.9,29.5,2057:AL:SCAN,34.78534,-86.55906
5,2019,0.0,18.0,28.8,37.8,43.7,43.8,72.8,94.3,47.8,2057:AL:SCAN,34.78534,-86.55906
6,2019,0.0,20.3,29.9,38.2,44.2,45.9,75.7,93.7,52.2,2057:AL:SCAN,34.78534,-86.55906
7,2019,0.0,17.3,30.4,38.0,44.6,45.6,78.2,96.1,59.0,2057:AL:SCAN,34.78534,-86.55906
8,2019,0.0,14.9,26.5,36.2,43.5,45.4,77.6,97.9,57.0,2057:AL:SCAN,34.78534,-86.55906
9,2019,0.0,20.3,29.8,36.7,40.9,44.3,78.0,98.2,55.9,2057:AL:SCAN,34.78534,-86.55906
10,2019,,26.6,34.2,39.7,42.4,45.5,63.7,97.5,33.8,2057:AL:SCAN,34.78534,-86.55906
11,2019,,30.3,36.3,40.3,42.4,46.2,47.5,75.0,16.3,2057:AL:SCAN,34.78534,-86.55906
12,2019,,31.3,36.6,40.4,42.4,45.8,48.8,71.2,23.5,2057:AL:SCAN,34.78534,-86.55906
1,2020,,31.9,37.0,40.6,42.4,45.7,46.9,72.9,20.8,2057:AL:SCAN,34.78534,-86.55906
2,2020,,31.5,37.3,40.9,43.0,46.0,46.7,72.3,20.5,2057:AL:SCAN,34.78534,-86.55906
3,2020,,29.6,36.7,41.0,43.6,46.1,59.0,86.4,30.4,2057:AL:SCAN,34.78534,-86.55906
4,2020,,28.2,36.7,41.2,44.2,46.9,58.3,84.0,33.1,2057:AL:SCAN,34.78534,-86.55906
5,2020,,23.1,31.5,38.2,43.4,44.7,66.2,87.8,36.0,2057:AL:SCAN,34.78534,-86.55906
6,2020,,26.3,33.7,39.5,43.9,45.9,74.7,91.9,53.8,2057:AL:SCAN,34.78534,-86.55906
7,2020,,24.3,31.0,38.1,43.4,44.4,79.1,95.5,65.8,2057:AL:SCAN,34.78534,-86.55906
8,2020,,27.1,34.7,39.9,44.4,47.4,77.2,97.3,62.4,2057:AL:SCAN,34.78534,-86.55906
9,2020,,28.5,34.7,40.5,44.0,46.0,70.8,91.9,46.9,2057:AL:SCAN,34.78534,-86.55906
10,2020,,25.1,32.4,39.2,42.6,43.5,63.0,83.1,34.7,2057:AL:SCAN,34.78534,-86.55906
11,2020,,32.4,36.0,39.9,42.2,46.2,54.1,79.5,30.4,2057:AL:SCAN,34.78534,-86.55906
12,2020,,32.1,36.2,40.3,42.0,44.4,42.9,68.9,16.2,2057:AL:SCAN,34.78534,-86.55906
1,2021,,33.3,37.5,40.9,42.2,47.1,42.8,74.7,20.5,2057:AL:SCAN,34.78534,-86.55906
2,2021,,29.4,35.8,40.8,43.0,45.8,41.3,75.9,12.0,2057:AL:SCAN,34.78534,-86.55906
3,2021,,24.5,34.4,40.8,43.7,45.7,56.7,81.3,28.6,2057:AL:SCAN,34.78534,-86.55906
4,2021,,22.5,31.0,39.5,43.9,44.9,59.4,84.4,28.6,2057:AL:SCAN,34.78534,-86.55906
5,2021,,23.9,30.9,39.2,44.3,45.5,66.8,91.2,43.5,2057:AL:SCAN,34.78534,-86.55906
6,2021,,24.8,32.2,39.6,44.9,47.1,75.3,91.8,55.9,2057:AL:SCAN,34.78534,-86.55906
7,2021,,28.3,34.7,40.7,45.3,46.9,77.2,95.0,57.9,2057:AL:SCAN,34.78534,-86.55906
8,2021,,28.3,34.9,40.9,45.2,47.4,76.6,94.1,61.3,2057:AL:SCAN,34.78534,-86.55906
9,2021,,30.2,34.9,40.7,44.5,46.3,70.2,87.1,46.2,2057:AL:SCAN,34.78534,-86.55906
10,2021,7.05,31.5,35.6,40.4,43.2,45.1,63.6,85.5,39.6,2057:AL:SCAN,34.78534,-86.55906
11,2021,2.65,34.0,36.6,40.6,43.4,45.9,47.7,73.0,25.5,2057:AL:SCAN,34.78534,-86.55906
12,2021,9.65,35.6,37.5,40.8,43.1,46.2,54.0,72.9,25.5,2057:AL:SCAN,34.78534,-86.55906
1,2022,11.11,35.0,37.3,40.8,42.8,45.4,38.2,78.4,16.5,2057:AL:SCAN,34.78534,-86.55906
2,2022,13.05,35.2,37.5,41.1,43.6,47.0,44.8,69.6,20.5,2057:AL:SCAN,34.78534,-86.55906
3,2022,11.43,33.1,37.4,41.1,44.3,46.2,54.1,82.4,19.4,2057:AL:SCAN,34.78534,-86.55906
4,2022,7.0,24.6,33.4,39.6,45.0,45.6,60.1,83.5,33.4,2057:AL:SCAN,34.78534,-86.55906
5,2022,5.4,17.3,27.6,36.9,44.0,45.3,71.2,90.0,51.1,2057:AL:SCAN,34.78534,-86.55906
6,2022,2.3,18.0,25.3,32.1,36.5,43.4,77.0,95.2,55.9,2057:AL:SCAN,34.78534,-86.55906
7,2022,6.3,20.9,29.0,36.2,43.1,46.9,80.8,97.9,65.1,2057:AL:SCAN,34.78534,-86.55906
8,2022,11.8,23.5,30.5,35.0,42.9,43.7,76.3,92.8,62.1,2057:AL:SCAN,34.78534,-86.55906
9,2022,3.4,21.6,29.0,34.2,40.7,42.2,69.8,94.3,44.1,2057:AL:SCAN,34.78534,-86.55906
10,2022,,29.6,34.1,37.9,41.8,45.0,58.2,81.1,29.1,2057:AL:SCAN,34.78534,-86.55906
11,2022,,30.1,35.6,38.8,42.5,47.1,51.9,81.1,19.9,2057:AL:SCAN,34.78534,-86.55906
12,2022,,32.4,36.6,39.5,42.8,47.8,45.4,70.5,1.6,2057:AL:SCAN,34.78534,-86.55906
1,2023,,32.7,37.6,39.9,43.1,46.9,48.2,72.3,22.6,2057:AL:SCAN,34.78534,-86.55906
2,2023,,31.0,36.7,39.8,43.5,46.8,52.4,82.6,21.6,2057:AL:SCAN,34.78534,-86.55906
3,2023,,28.0,34.3,38.6,42.8,44.4,54.0,81.1,20.3,2057:AL:SCAN,34.78534,-86.55906
4,2023,,25.5,32.4,37.3,41.1,42.3,59.6,85.6,36.9,2057:AL:SCAN,34.78534,-86.55906
5,2023,,23.9,30.9,37.1,41.5,41.8,67.5,88.0,39.2,2057:AL:SCAN,34.78534,-86.55906
6,2023,,25.7,32.2,39.0,45.5,46.8,73.7,93.7,56.7,2057:AL:SCAN,34.78534,-86.55906
7,2023,,26.0,31.0,38.2,44.9,46.0,77.2,94.3,60.1,2057:AL:SCAN,34.78534,-86.55906
8,2023,,21.6,27.0,35.9,43.1,44.1,76.6,95.9,59.9,2057:AL:SCAN,34.78534,-86.55906
9,2023,,17.1,20.4,28.8,35.7,42.2,71.3,89.6,52.3,2057:AL:SCAN,34.78534,-86.55906
10,2023,0.36,,22.5,27.8,32.6,40.3,62.6,86.4,35.8,2057:AL:SCAN,34.78534,-86.55906
11,2023,3.05,,33.1,37.2,42.1,48.9,52.7,80.8,22.1,2057:AL:SCAN,34.78534,-86.55906
12,2023,5.3,,33.9,37.9,42.0,47.5,46.5,69.8,23.5,2057:AL:SCAN,34.78534,-86.55906
1,2024,6.83,,34.6,38.3,42.5,45.7,38.1,67.5,2.3,2057:AL:SCAN,34.78534,-86.55906
2,2024,5.0,,35.9,38.9,43.1,45.8,50.2,73.8,22.6,2057:AL:SCAN,34.78534,-86.55906
3,2024,6.42,,33.9,38.3,43.7,45.6,55.9,81.3,25.3,2057:AL:SCAN,34.78534,-86.55906
4,2024,5.09,32.7,34.5,39.2,44.9,46.6,62.5,83.7,32.4,2057:AL:SCAN,34.78534,-86.55906
5,2024,8.48,21.6,25.6,31.3,39.0,43.8,71.1,87.3,48.0,2057:AL:SCAN,34.78534,-86.55906
6,2024,1.46,21.6,27.0,30.9,34.4,41.6,77.3,97.0,56.1,2057:AL:SCAN,34.78534,-86.55906
7,2024,5.8,17.3,22.2,29.2,38.0,40.9,78.2,96.3,64.0,2057:AL:SCAN,34.78534,-86.55906
8,2024,0.82,18.7,21.7,25.9,31.2,40.4,77.7,98.2,56.1,2057:AL:SCAN,34.78534,-86.55906
9,2024,3.57,17.4,24.3,31.0,39.6,41.0,72.6,93.0,52.5,2057:AL:SCAN,34.78534,-86.55906
10,2024,0.55,29.1,29.8,32.4,39.3,43.0,63.0,87.6,34.0,2057:AL:SCAN,34.78534,-86.55906
11,2024,3.07,31.8,32.2,36.4,42.1,47.4,57.1,79.9,23.0,2057:AL:SCAN,34.78534,-86.55906
12,2024,5.98,32.2,33.1,37.1,42.0,45.9,45.3,69.1,16.7,2057:AL:SCAN,34.78534,-86.55906
1,2025,4.57,33.0,33.9,37.9,42.4,45.0,35.7,67.3,6.8,2057:AL:SCAN,34.78534,-86.55906
2,2025,5.16,27.4,31.3,36.5,42.3,43.8,46.5,77.2,12.7,2057:AL:SCAN,34.78534,-86.55906
3,2025,6.16,,,,,,56.1,80.4,26.6,2057:AL:SCAN,34.78534,-86.55906
6,2004,,11.7,20.8,19.8,31.4,20.9,,,,2092:KS:SCAN,37.1313,-97.0859
7,2004,6.78,7.1,12.1,15.8,29.9,20.2,76.9,99.0,54.9,2092:KS:SCAN,37.1313,-97.0859
8,2004,3.36,4.1,,11.1,25.4,18.6,74.6,97.5,55.4,2092:KS:SCAN,37.1313,-97.0859
9,2004,0.43,9.0,15.0,10.6,25.4,17.1,73.4,94.1,50.0,2092:KS:SCAN,37.1313,-97.0859
10,2004,3.91,13.9,20.1,16.6,30.8,20.0,60.6,83.3,36.1,2092:KS:SCAN,37.1313,-97.0859
11,2004,4.43,12.3,18.9,17.0,31.2,19.7,47.1,76.6,26.2,2092:KS:SCAN,37.1313,-97.0859
12,2004,0.48,13.3,19.6,17.2,30.8,20.8,38.3,69.3,3.7,2092:KS:SCAN,37.1313,-97.0859
1,2005,1.56,15.4,20.4,17.8,31.0,20.8,32.1,68.2,5.4,2092:KS:SCAN,37.1313,-97.0859
2,2005,1.47,12.9,18.5,17.4,30.4,20.6,41.9,71.4,16.0,2092:KS:SCAN,37.1313,-97.0859
3,2005,1.22,5.7,12.4,13.3,29.0,20.4,47.4,80.1,20.1,2092:KS:SCAN,37.1313,-97.0859
4,2005,0.51,4.9,8.6,8.2,23.1,19.3,57.9,82.8,31.6,2092:KS:SCAN,37.1313,-97.0859
5,2005,3.57,12.3,17.0,13.4,27.9,19.2,66.7,94.5,33.3,2092:KS:SCAN,37.1313,-97.0859
6,2005,6.54,7.2,11.9,11.0,22.9,15.7,76.9,97.7,57.6,2092:KS:SCAN,37.1313,-97.0859
7,2005,3.13,10.5,13.6,9.9,19.4,12.5,79.4,101.8,52.9,2092:KS:SCAN,37.1313,-97.0859
8,2005,5.51,9.6,14.5,12.9,24.7,15.8,78.5,98.8,61.3,2092:KS:SCAN,37.1313,-97.0859
9,2005,2.65,11.0,16.4,13.8,23.6,15.5,74.5,95.0,37.9,2092:KS:SCAN,37.1313,-97.0859
10,2005,1.9,12.1,17.6,14.3,23.1,14.9,59.8,88.7,28.2,2092:KS:SCAN,37.1313,-97.0859
11,2005,0.02,8.2,15.3,13.6,22.8,14.3,49.6,80.6,18.7,2092:KS:SCAN,37.1313,-97.0859
12,2005,0.12,9.4,15.0,13.4,22.8,14.2,34.0,66.6,-4.2,2092:KS:SCAN,37.1313,-97.0859
1,2006,0.18,7.3,14.2,15.2,22.7,14.2,44.1,75.2,18.3,2092:KS:SCAN,37.1313,-97.0859
2,2006,0.23,9.5,14.5,15.7,23.0,14.4,37.2,78.1,6.3,2092:KS:SCAN,37.1313,-97.0859
3,2006,0.0,11.6,16.6,17.0,24.7,16.2,49.6,84.2,23.2,2092:KS:SCAN,37.1313,-97.0859
4,2006,0.0,11.6,16.8,18.1,29.3,19.0,63.5,93.9,38.3,2092:KS:SCAN,37.1313,-97.0859
5,2006,1.25,9.6,10.0,10.3,24.5,18.1,68.2,97.0,44.2,2092:KS:SCAN,37.1313,-97.0859
6,2006,2.07,7.6,12.8,13.1,24.8,18.4,77.2,98.4,55.6,2092:KS:SCAN,37.1313,-97.0859
7,2006,3.94,8.3,12.3,9.5,20.1,17.9,83.0,107.4,57.9,2092:KS:SCAN,37.1313,-97.0859
8,2006,4.62,8.2,14.2,13.2,19.4,17.5,81.9,105.8,58.1,2092:KS:SCAN,37.1313,-97.0859
9,2006,1.46,4.6,9.1,8.0,17.7,15.7,68.1,93.7,42.6,2092:KS:SCAN,37.1313,-97.0859
10,2006,0.77,8.3,8.9,7.5,17.2,14.5,58.1,94.1,27.1,2092:KS:SCAN,37.1313,-97.0859
11,2006,1.0,13.2,17.5,13.7,16.8,13.9,48.5,86.4,14.9,2092:KS:SCAN,37.1313,-97.0859
12,2006,1.74,13.7,18.7,15.8,18.1,16.1,39.0,68.0,4.3,2092:KS:SCAN,37.1313,-97.0859
1,2007,0.87,14.3,19.0,16.1,24.9,17.3,31.1,68.4,7.7,2092:KS:SCAN,37.1313,-97.0859
2,2007,1.22,15.3,19.8,17.0,27.8,18.5,35.2,76.6,4.3,2092:KS:SCAN,37.1313,-97.0859
3,2007,7.45,16.1,20.9,18.6,29.8,19.8,55.2,78.1,19.0,2092:KS:SCAN,37.1313,-97.0859
4,2007,4.96,15.3,21.0,19.3,30.4,20.1,53.6,83.5,23.5,2092:KS:SCAN,37.1313,-97.0859
5,2007,6.39,15.8,21.4,20.0,31.5,21.1,67.8,85.6,49.1,2092:KS:SCAN,37.1313,-97.0859
6,2007,14.83,13.0,17.9,18.5,31.4,21.0,73.1,93.7,53.8,2092:KS:SCAN,37.1313,-97.0859
7,2007,2.56,10.8,12.9,11.7,18.9,18.1,78.4,93.4,62.4,2092:KS:SCAN,37.1313,-97.0859
8,2007,3.48,9.9,15.2,14.4,17.8,16.8,82.0,103.1,61.3,2092:KS:SCAN,37.1313,-97.0859
9,2007,1.0,11.3,15.0,14.2,23.5,18.3,72.4,90.0,46.9,2092:KS:SCAN,37.1313,-97.0859
10,2007,,11.4,17.6,16.6,28.8,19.3,61.0,86.4,34.5,2092:KS:SCAN,37.1313,-97.0859
11,2007,,13.9,19.0,17.6,29.4,19.3,47.9,77.2,14.5,2092:KS:SCAN,37.1313,-97.0859
12,2007,,,19.0,17.5,29.7,19.7,32.4,64.0,10.4,2092:KS:SCAN,37.1313,-97.0859
1,2008,,15.5,20.2,18.3,30.3,19.8,34.4,70.0,6.8,2092:KS:SCAN,37.1313,-97.0859
2,2008,2.23,15.2,20.4,18.3,30.7,20.1,34.7,73.0,6.8,2092:KS:SCAN,37.1313,-97.0859
3,2008,2.18,14.4,19.7,18.0,30.7,20.0,46.4,76.5,12.6,2092:KS:SCAN,37.1313,-97.0859
4,2008,1.79,15.0,18.7,17.1,29.4,20.3,54.4,82.4,29.5,2092:KS:SCAN,37.1313,-97.0859
5,2008,5.24,19.3,23.8,22.2,33.4,21.7,66.2,90.1,37.4,2092:KS:SCAN,37.1313,-97.0859
6,2008,8.4,9.3,15.5,14.5,28.2,20.3,75.5,92.8,57.0,2092:KS:SCAN,37.1313,-97.0859
7,2008,0.7,9.7,11.4,8.6,18.2,16.9,79.9,99.5,60.3,2092:KS:SCAN,37.1313,-97.0859
8,2008,1.4,12.7,16.4,14.2,25.2,17.3,77.0,102.7,59.4,2092:KS:SCAN,37.1313,-97.0859
9,2008,4.1,14.4,18.6,16.6,30.1,20.0,67.4,88.3,43.5,2092:KS:SCAN,37.1313,-97.0859
10,2008,2.7,16.2,21.3,19.0,31.6,19.8,57.6,82.4,26.2,2092:KS:SCAN,37.1313,-97.0859
11,2008,0.4,15.1,20.1,18.1,30.9,19.3,46.4,78.1,19.0,2092:KS:SCAN,37.1313,-97.0859
12,2008,0.7,15.4,20.6,18.5,31.2,19.5,33.6,72.7,5.5,2092:KS:SCAN,37.1313,-97.0859
1,2009,0.0,15.6,20.8,18.3,30.8,19.2,32.5,68.9,5.0,2092:KS:SCAN,37.1313,-97.0859
2,2009,0.6,13.0,20.0,18.1,31.2,19.6,43.1,71.2,12.9,2092:KS:SCAN,37.1313,-97.0859
3,2009,1.5,17.8,22.7,20.4,32.8,20.7,48.4,84.7,12.9,2092:KS:SCAN,37.1313,-97.0859
4,2009,,,,,,,55.0,85.3,20.5,2092:KS:SCAN,37.1313,-97.0859
8,2009,,15.8,22.2,18.3,27.5,19.9,,,,2092:KS:SCAN,37.1313,-97.0859
9,2009,,18.8,24.5,22.6,31.7,20.6,67.4,93.2,40.8,2092:KS:SCAN,37.1313,-97.0859
10,2009,,20.3,25.5,24.2,34.3,21.0,51.7,77.2,33.1,2092:KS:SCAN,37.1313,-97.0859
11,2009,,17.5,23.0,21.3,32.8,20.0,50.8,77.7,25.9,2092:KS:SCAN,37.1313,-97.0859
12,2009,,19.3,24.5,23.1,33.6,20.1,30.8,58.8,6.3,2092:KS:SCAN,37.1313,-97.0859
1,2010,,21.0,25.1,23.7,34.5,20.7,29.1,58.5,-1.3,2092:KS:SCAN,37.1313,-97.0859
2,2010,,20.5,25.0,23.7,34.8,21.1,32.6,59.9,14.9,2092:KS:SCAN,37.1313,-97.0859
3,2010,,14.9,23.0,21.8,34.2,20.7,47.4,87.3,25.0,2092:KS:SCAN,37.1313,-97.0859
4,2010,,13.7,16.7,19.1,33.0,20.9,61.4,85.5,30.7,2092:KS:SCAN,37.1313,-97.0859
5,2010,,13.5,16.1,17.2,30.4,21.3,65.9,88.9,37.9,2092:KS:SCAN,37.1313,-97.0859
6,2010,,14.0,18.1,17.9,26.8,19.4,79.5,96.4,59.0,2092:KS:SCAN,37.1313,-97.0859
7,2010,,12.7,16.5,14.6,21.2,18.5,80.9,99.3,64.8,2092:KS:SCAN,37.1313,-97.0859
8,2010,,14.3,17.2,13.7,19.4,16.2,80.9,103.3,53.6,2092:KS:SCAN,37.1313,-97.0859
9,2010,,10.3,13.2,10.2,18.0,14.2,71.8,92.5,41.0,2092:KS:SCAN,37.1313,-97.0859
10,2010,,12.6,17.9,10.7,17.5,13.8,62.0,90.1,35.2,2092:KS:SCAN,37.1313,-97.0859
11,2010,,12.0,18.8,13.3,17.0,13.3,47.9,75.9,20.5,2092:KS:SCAN,37.1313,-97.0859
12,2010,,10.5,17.2,13.1,16.8,13.1,35.2,70.0,10.9,2092:KS:SCAN,37.1313,-97.0859
1,2011,,13.1,17.4,13.4,16.9,13.0,30.0,73.6,-4.2,2092:KS:SCAN,37.1313,-97.0859
2,2011,,17.1,22.1,17.8,23.6,13.3,34.8,79.0,-13.2,2092:KS:SCAN,37.1313,-97.0859
3,2011,1.01,,,,,,48.5,85.3,21.9,2092:KS:SCAN,37.1313,-97.0859
8,2011,,9.3,13.5,12.9,16.2,11.9,,,,2092:KS:SCAN,37.1313,-97.0859
9,2011,0.96,13.1,18.0,17.0,15.2,11.3,69.0,102.4,46.2,2092:KS:SCAN,37.1313,-97.0859
10,2011,1.8,17.7,22.8,21.2,27.0,38.2,60.9,87.1,28.2,2092:KS:SCAN,37.1313,-97.0859
11,2011,4.39,20.3,24.5,21.8,31.6,44.3,47.2,75.6,23.0,2092:KS:SCAN,37.1313,-97.0859
12,2011,3.22,16.7,22.0,19.7,30.4,43.7,37.8,66.6,16.7,2092:KS:SCAN,37.1313,-97.0859
1,2012,0.03,20.3,24.8,21.9,31.9,43.3,39.6,69.8,14.2,2092:KS:SCAN,37.1313,-97.0859
2,2012,1.6,20.6,25.0,23.6,32.8,43.8,41.1,69.3,12.4,2092:KS:SCAN,37.1313,-97.0859
3,2012,3.14,17.7,22.2,22.3,33.0,45.4,58.9,84.2,26.4,2092:KS:SCAN,37.1313,-97.0859
4,2012,4.59,12.8,15.6,16.9,27.3,46.5,63.1,90.7,37.4,2092:KS:SCAN,37.1313,-97.0859
5,2012,0.63,11.9,13.6,16.0,17.4,47.4,72.9,94.8,47.5,2092:KS:SCAN,37.1313,-97.0859
6,2012,0.95,9.7,12.3,16.0,15.8,47.0,79.9,107.8,48.4,2092:KS:SCAN,37.1313,-97.0859
7,2012,0.43,10.3,13.9,17.2,17.7,46.6,87.6,110.7,65.8,2092:KS:SCAN,37.1313,-97.0859
8,2012,3.19,12.4,17.4,18.0,23.9,46.0,79.9,109.0,51.6,2092:KS:SCAN,37.1313,-97.0859
9,2012,0.97,13.7,19.1,18.9,22.2,45.1,72.1,105.6,47.7,2092:KS:SCAN,37.1313,-97.0859
10,2012,1.86,16.8,21.7,20.1,25.0,44.1,58.8,88.2,24.4,2092:KS:SCAN,37.1313,-97.0859
11,2012,0.81,14.9,20.1,18.6,27.3,43.2,51.2,87.8,19.4,2092:KS:SCAN,37.1313,-97.0859
12,2012,0.19,14.0,17.4,16.7,26.6,42.2,39.6,74.8,8.4,2092:KS:SCAN,37.1313,-97.0859
1,2013,0.28,16.9,18.8,17.5,26.5,42.1,36.7,74.5,11.7,2092:KS:SCAN,37.1313,-97.0859
2,2013,1.11,19.5,22.4,20.3,30.6,42.1,36.9,70.0,9.5,2092:KS:SCAN,37.1313,-97.0859
3,2013,1.08,20.8,23.4,21.4,31.6,42.4,44.0,79.9,18.5,2092:KS:SCAN,37.1313,-97.0859
4,2013,2.14,19.2,20.3,21.2,31.3,43.5,51.6,87.3,27.5,2092:KS:SCAN,37.1313,-97.0859
5,2013,2.1,17.7,20.3,22.5,30.0,45.4,64.7,89.1,31.5,2092:KS:SCAN,37.1313,-97.0859
6,2013,3.24,17.8,19.3,22.5,28.7,46.2,77.1,100.2,48.9,2092:KS:SCAN,37.1313,-97.0859
7,2013,7.9,22.0,24.4,25.8,33.7,46.3,78.6,103.6,55.2,2092:KS:SCAN,37.1313,-97.0859
8,2013,6.14,14.1,13.7,17.3,20.9,46.4,77.5,99.9,59.2,2092:KS:SCAN,37.1313,-97.0859
9,2013,1.42,19.6,16.1,15.6,19.6,45.6,74.2,98.1,45.9,2092:KS:SCAN,37.1313,-97.0859
10,2013,4.06,21.1,22.6,21.7,33.1,43.5,57.8,88.0,30.4,2092:KS:SCAN,37.1313,-97.0859
11,2013,1.14,19.1,20.9,19.4,32.0,41.7,44.6,75.0,15.3,2092:KS:SCAN,37.1313,-97.0859
12,2013,0.54,19.6,21.2,19.6,32.1,40.9,31.7,68.4,4.6,2092:KS:SCAN,37.1313,-97.0859
1,2014,0.0,17.7,20.7,19.0,32.1,40.5,32.5,69.4,-4.7,2092:KS:SCAN,37.1313,-97.0859
2,2014,0.13,16.3,21.3,19.9,32.8,40.7,32.3,73.0,3.6,2092:KS:SCAN,37.1313,-97.0859
3,2014,0.75,10.8,13.2,15.0,32.0,42.2,43.4,79.2,-3.5,2092:KS:SCAN,37.1313,-97.0859
4,2014,0.3,13.2,14.9,13.8,25.3,43.8,58.1,86.7,27.3,2092:KS:SCAN,37.1313,-97.0859
5,2014,3.26,23.2,24.8,25.1,33.9,45.1,68.8,98.8,35.2,2092:KS:SCAN,37.1313,-97.0859
6,2014,6.9,16.8,17.1,19.9,31.8,45.5,75.8,93.4,54.9,2092:KS:SCAN,37.1313,-97.0859
7,2014,2.2,17.5,16.6,17.9,27.4,46.2,76.7,101.8,55.0,2092:KS:SCAN,37.1313,-97.0859
8,2014,2.84,15.5,14.5,14.9,21.4,46.1,80.4,99.7,57.2,2092:KS:SCAN,37.1313,-97.0859
9,2014,1.5,18.3,19.2,18.4,28.5,45.1,71.6,95.2,41.0,2092:KS:SCAN,37.1313,-97.0859
10,2014,3.06,20.4,21.2,20.8,32.7,43.4,62.7,91.2,31.8,2092:KS:SCAN,37.1313,-97.0859
11,2014,0.84,22.4,23.1,21.5,33.6,41.7,41.5,74.5,7.3,2092:KS:SCAN,37.1313,-97.0859
12,2014,1.19,20.3,21.5,20.0,32.8,40.3,38.3,61.0,7.7,2092:KS:SCAN,37.1313,-97.0859
1,2015,0.56,21.6,22.6,20.8,33.1,40.3,35.5,75.9,5.4,2092:KS:SCAN,37.1313,-97.0859
2,2015,0.07,20.0,22.4,21.2,33.4,40.2,32.1,74.8,7.7,2092:KS:SCAN,37.1313,-97.0859
3,2015,0.43,15.9,18.4,20.7,33.5,,50.4,84.4,13.5,2092:KS:SCAN,37.1313,-97.0859
4,2015,1.55,22.9,24.7,23.9,34.8,,60.4,88.7,28.6,2092:KS:SCAN,37.1313,-97.0859
5,2015,5.95,17.8,22.9,22.4,31.4,44.3,64.6,83.1,42.4,2092:KS:SCAN,37.1313,-97.0859
6,2015,1.33,19.8,22.5,,31.1,45.8,79.3,99.0,55.8,2092:KS:SCAN,37.1313,-97.0859
7,2015,3.94,19.3,19.8,28.1,32.7,46.7,80.8,100.2,62.1,2092:KS:SCAN,37.1313,-97.0859
8,2015,2.13,15.4,13.3,20.7,25.0,46.1,76.1,97.9,51.8,2092:KS:SCAN,37.1313,-97.0859
9,2015,1.5,12.7,12.0,15.5,21.7,44.8,75.2,100.4,50.9,2092:KS:SCAN,37.1313,-97.0859
10,2015,1.13,15.5,13.6,18.1,22.3,43.5,61.8,90.0,36.0,2092:KS:SCAN,37.1313,-97.0859
11,2015,2.22,21.1,19.1,26.9,33.9,41.5,50.4,79.9,27.1,2092:KS:SCAN,37.1313,-97.0859
12,2015,1.25,20.8,18.8,28.9,33.6,39.7,42.3,69.8,18.7,2092:KS:SCAN,37.1313,-97.0859
1,2016,0.22,18.7,17.9,29.5,33.2,39.7,34.1,73.0,6.8,2092:KS:SCAN,37.1313,-97.0859
2,2016,0.23,16.2,17.3,30.0,33.6,40.6,44.7,77.2,19.0,2092:KS:SCAN,37.1313,-97.0859
3,2016,1.93,19.8,19.1,30.2,34.6,41.3,53.2,80.6,24.1,2092:KS:SCAN,37.1313,-97.0859
4,2016,3.38,22.5,20.8,31.0,35.5,42.0,60.1,88.0,29.1,2092:KS:SCAN,37.1313,-97.0859
5,2016,5.15,18.3,16.7,20.4,33.0,43.9,64.9,88.2,41.2,2092:KS:SCAN,37.1313,-97.0859
6,2016,1.12,19.8,16.3,21.0,31.5,45.3,80.3,100.8,57.0,2092:KS:SCAN,37.1313,-97.0859
7,2016,5.15,22.2,18.3,26.3,27.3,36.5,82.4,102.7,66.0,2092:KS:SCAN,37.1313,-97.0859
8,2016,4.23,22.0,18.8,28.1,27.2,24.4,79.0,98.2,57.6,2092:KS:SCAN,37.1313,-97.0859
9,2016,3.75,22.7,19.9,30.8,35.1,17.1,74.2,96.8,46.8,2092:KS:SCAN,37.1313,-97.0859
10,2016,3.02,22.4,20.3,30.5,33.9,15.3,66.7,91.8,40.6,2092:KS:SCAN,37.1313,-97.0859
11,2016,0.13,21.4,20.3,29.6,32.7,12.6,54.7,86.4,24.4,2092:KS:SCAN,37.1313,-97.0859
12,2016,0.6,20.3,19.9,30.2,33.6,8.0,35.8,69.4,-3.6,2092:KS:SCAN,37.1313,-97.0859
1,2017,2.15,19.9,20.0,31.4,35.1,6.2,38.7,72.7,8.1,2092:KS:SCAN,37.1313,-97.0859
2,2017,1.92,21.9,20.8,31.4,35.2,8.1,48.4,80.2,19.4,2092:KS:SCAN,37.1313,-97.0859
3,2017,4.25,22.3,21.4,32.3,36.8,4.3,53.5,90.1,26.4,2092:KS:SCAN,37.1313,-97.0859
4,2017,7.19,22.6,21.7,31.9,36.3,4.9,59.8,83.3,36.5,2092:KS:SCAN,37.1313,-97.0859
5,2017,5.08,22.5,22.1,24.4,27.7,14.0,67.6,90.5,41.0,2092:KS:SCAN,37.1313,-97.0859
6,2017,5.21,22.6,22.3,13.1,22.1,18.6,78.1,97.0,57.9,2092:KS:SCAN,37.1313,-97.0859
7,2017,0.68,22.5,22.3,24.9,32.5,11.8,83.3,105.6,63.1,2092:KS:SCAN,37.1313,-97.0859
8,2017,7.45,22.3,22.3,27.6,33.5,7.5,75.8,97.5,55.0,2092:KS:SCAN,37.1313,-97.0859
9,2017,2.59,22.0,22.1,30.5,37.0,29.3,73.5,97.7,48.0,2092:KS:SCAN,37.1313,-97.0859
10,2017,4.71,21.8,21.7,29.5,34.6,35.3,61.8,90.1,26.1,2092:KS:SCAN,37.1313,-97.0859
11,2017,0.23,21.4,21.4,27.6,33.0,39.0,51.0,80.6,20.5,2092:KS:SCAN,37.1313,-97.0859
12,2017,0.04,20.6,20.7,26.1,31.7,39.0,38.6,72.7,4.6,2092:KS:SCAN,37.1313,-97.0859
1,2018,0.56,20.7,20.8,26.5,31.5,40.8,35.0,67.3,-2.4,2092:KS:SCAN,37.1313,-97.0859
2,2018,1.12,21.3,21.3,29.3,34.6,41.8,37.7,76.3,10.6,2092:KS:SCAN,37.1313,-97.0859
3,2018,3.93,21.8,21.6,30.1,35.6,42.3,50.7,77.9,22.6,2092:KS:SCAN,37.1313,-97.0859
4,2018,2.98,22.3,22.2,30.0,36.4,43.2,52.8,88.7,21.2,2092:KS:SCAN,37.1313,-97.0859
5,2018,7.86,22.4,22.5,28.3,35.3,42.1,75.8,94.6,51.8,2092:KS:SCAN,37.1313,-97.0859
6,2018,4.75,22.5,22.6,22.1,31.4,30.1,80.8,99.1,59.0,2092:KS:SCAN,37.1313,-97.0859
7,2018,5.12,22.6,22.6,18.1,23.5,33.8,81.2,99.1,60.8,2092:KS:SCAN,37.1313,-97.0859
8,2018,3.02,22.7,22.6,21.0,20.8,31.3,79.1,97.2,62.2,2092:KS:SCAN,37.1313,-97.0859
9,2018,2.67,22.5,22.3,26.3,31.0,31.7,73.0,95.5,41.4,2092:KS:SCAN,37.1313,-97.0859
10,2018,8.27,22.2,21.8,28.6,33.5,27.4,58.7,91.4,32.2,2092:KS:SCAN,37.1313,-97.0859
11,2018,0.33,21.8,21.4,27.7,33.1,25.3,42.3,72.0,11.3,2092:KS:SCAN,37.1313,-97.0859
12,2018,2.31,21.5,21.1,29.0,34.7,23.7,39.0,62.4,18.1,2092:KS:SCAN,37.1313,-97.0859
1,2019,1.53,21.6,20.9,29.5,34.2,20.1,35.6,63.9,11.3,2092:KS:SCAN,37.1313,-97.0859
2,2019,0.88,21.9,21.0,30.2,35.0,11.4,34.9,70.9,8.8,2092:KS:SCAN,37.1313,-97.0859
3,2019,3.36,22.5,22.0,30.6,35.7,8.4,45.7,76.6,7.0,2092:KS:SCAN,37.1313,-97.0859
4,2019,6.65,22.7,22.4,31.3,38.3,10.4,60.6,86.2,34.5,2092:KS:SCAN,37.1313,-97.0859
5,2019,17.45,22.9,22.7,30.6,36.2,2.8,66.0,88.2,43.2,2092:KS:SCAN,37.1313,-97.0859
6,2019,6.5,22.9,22.8,18.3,25.0,7.3,76.4,97.0,52.7,2092:KS:SCAN,37.1313,-97.0859
7,2019,2.13,22.9,22.9,26.0,30.9,22.7,81.3,99.3,60.4,2092:KS:SCAN,37.1313,-97.0859
8,2019,,22.9,22.9,24.5,27.0,22.8,79.6,99.5,61.0,2092:KS:SCAN,37.1313,-97.0859
9,2019,,22.7,22.0,29.6,31.8,22.8,78.6,95.0,59.5,2092:KS:SCAN,37.1313,-97.0859
10,2019,3.43,22.4,21.5,29.5,30.9,22.5,55.6,89.8,19.8,2092:KS:SCAN,37.1313,-97.0859
11,2019,1.91,22.3,21.0,29.4,31.3,21.6,45.2,74.1,10.4,2092:KS:SCAN,37.1313,-97.0859
12,2019,0.18,22.2,20.7,30.9,35.0,21.1,41.4,70.2,14.9,2092:KS:SCAN,37.1313,-97.0859
1,2020,1.07,22.2,20.8,31.9,35.3,20.9,39.2,66.6,16.2,2092:KS:SCAN,37.1313,-97.0859
2,2020,1.77,22.5,21.6,32.7,36.2,21.3,39.7,76.6,11.1,2092:KS:SCAN,37.1313,-97.0859
3,2020,3.55,22.7,22.1,29.8,35.6,21.8,53.0,82.8,27.1,2092:KS:SCAN,37.1313,-97.0859
4,2020,1.76,22.8,22.4,19.0,29.7,22.1,57.7,91.2,28.8,2092:KS:SCAN,37.1313,-97.0859
5,2020,4.4,22.9,22.7,15.4,22.1,22.3,66.0,89.6,40.8,2092:KS:SCAN,37.1313,-97.0859
6,2020,1.75,22.9,22.7,23.0,22.0,22.5,80.5,95.5,58.6,2092:KS:SCAN,37.1313,-97.0859
7,2020,8.54,17.9,18.9,22.3,22.1,18.3,81.3,99.5,65.1,2092:KS:SCAN,37.1313,-97.0859
8,2020,2.86,11.5,17.4,24.7,30.7,5.2,78.1,97.5,58.5,2092:KS:SCAN,37.1313,-97.0859
9,2020,4.47,4.9,9.4,20.9,32.2,9.5,68.8,93.7,42.8,2092:KS:SCAN,37.1313,-97.0859
10,2020,3.64,9.0,15.9,26.8,34.4,17.1,56.2,90.5,26.6,2092:KS:SCAN,37.1313,-97.0859
11,2020,0.71,15.8,20.3,28.1,34.3,16.8,51.9,75.9,22.6,2092:KS:SCAN,37.1313,-97.0859
12,2020,2.27,16.3,20.8,29.3,35.4,18.0,39.0,68.9,15.1,2092:KS:SCAN,37.1313,-97.0859
1,2021,2.43,12.7,18.8,29.8,35.4,19.9,37.2,56.8,22.8,2092:KS:SCAN,37.1313,-97.0859
2,2021,0.09,16.9,21.7,30.7,36.6,19.3,27.5,70.7,-15.9,2092:KS:SCAN,37.1313,-97.0859
3,2021,5.09,9.1,13.9,26.4,35.4,24.3,52.6,78.6,25.9,2092:KS:SCAN,37.1313,-97.0859
4,2021,2.07,8.1,11.7,17.7,29.1,22.0,56.2,81.7,28.9,2092:KS:SCAN,37.1313,-97.0859
5,2021,3.18,14.1,18.8,26.2,26.2,20.2,63.4,84.9,37.6,2092:KS:SCAN,37.1313,-97.0859
6,2021,5.64,10.5,14.5,23.6,32.1,20.8,77.3,100.0,54.9,2092:KS:SCAN,37.1313,-97.0859
7,2021,5.31,7.4,10.4,13.9,21.9,10.4,79.3,99.9,59.5,2092:KS:SCAN,37.1313,-97.0859
8,2021,0.42,7.5,11.1,19.4,20.9,8.8,80.6,99.1,59.2,2092:KS:SCAN,37.1313,-97.0859
9,2021,3.02,12.4,15.1,22.0,20.0,8.5,75.8,97.5,45.3,2092:KS:SCAN,37.1313,-97.0859
10,2021,4.23,15.1,19.4,28.2,22.1,8.1,62.8,93.9,35.4,2092:KS:SCAN,37.1313,-97.0859
11,2021,0.44,6.7,14.0,26.4,23.3,7.7,50.0,77.5,26.8,2092:KS:SCAN,37.1313,-97.0859
12,2021,0.82,4.4,10.8,24.5,23.3,7.5,47.2,78.4,10.6,2092:KS:SCAN,37.1313,-97.0859
1,2022,0.63,14.5,19.9,26.9,31.6,7.6,33.7,69.8,8.2,2092:KS:SCAN,37.1313,-97.0859
2,2022,0.46,16.7,22.7,29.8,34.7,9.9,35.5,73.8,5.7,2092:KS:SCAN,37.1313,-97.0859
3,2022,5.14,7.8,13.1,29.1,35.2,14.6,48.3,81.5,15.4,2092:KS:SCAN,37.1313,-97.0859
4,2022,1.84,11.8,16.1,26.1,35.7,16.2,59.5,89.2,30.7,2092:KS:SCAN,37.1313,-97.0859
5,2022,11.85,14.3,18.9,28.7,37.5,,68.7,92.5,43.9,2092:KS:SCAN,37.1313,-97.0859
6,2022,7.82,,,,,,78.6,99.9,55.0,2092:KS:SCAN,37.1313,-97.0859
7,2022,0.96,,,,,,84.8,106.0,62.2,2092:KS:SCAN,37.1313,-97.0859
8,2022,0.5,4.8,8.5,13.4,28.0,18.2,82.4,102.4,58.3,2092:KS:SCAN,37.1313,-97.0859
9,2022,0.49,3.7,7.9,11.6,23.3,17.7,74.9,100.0,49.8,2092:KS:SCAN,37.1313,-97.0859
10,2022,1.49,15.0,20.1,23.4,36.2,18.1,61.5,89.4,25.3,2092:KS:SCAN,37.1313,-97.0859
11,2022,2.45,14.0,21.5,25.9,41.6,25.2,44.9,78.3,19.4,2092:KS:SCAN,37.1313,-97.0859
12,2022,1.81,11.8,19.9,23.8,41.5,24.9,36.0,64.2,-4.2,2092:KS:SCAN,37.1313,-97.0859
1,2023,0.75,11.9,21.3,24.6,,23.9,38.1,66.6,9.3,2092:KS:SCAN,37.1313,-97.0859
2,2023,2.05,10.4,18.9,23.0,,24.2,40.7,70.9,13.8,2092:KS:SCAN,37.1313,-97.0859
3,2023,5.15,5.8,8.6,14.4,,24.0,47.1,79.2,15.8,2092:KS:SCAN,37.1313,-97.0859
4,2023,2.72,10.9,16.8,22.5,,21.3,58.6,88.5,28.4,2092:KS:SCAN,37.1313,-97.0859
5,2023,3.76,14.5,20.9,27.7,39.0,24.2,68.7,94.1,37.4,2092:KS:SCAN,37.1313,-97.0859
6,2023,5.61,9.8,14.8,21.9,39.4,28.0,76.0,99.7,59.5,2092:KS:SCAN,37.1313,-97.0859
7,2023,5.1,6.5,8.3,10.5,29.2,18.4,80.4,102.9,62.2,2092:KS:SCAN,37.1313,-97.0859
8,2023,2.57,5.7,8.8,9.6,24.1,15.9,81.8,106.5,57.6,2092:KS:SCAN,37.1313,-97.0859
9,2023,1.28,5.6,8.2,12.2,23.0,15.4,75.9,99.3,54.9,2092:KS:SCAN,37.1313,-97.0859
10,2023,2.42,13.9,18.6,23.2,23.9,14.8,60.8,91.2,24.3,2092:KS:SCAN,37.1313,-97.0859
11,2023,2.85,17.4,21.4,27.2,38.6,18.4,49.3,81.7,18.0,2092:KS:SCAN,37.1313,-97.0859
12,2023,2.72,14.5,19.9,26.8,38.4,28.7,42.3,68.4,22.6,2092:KS:SCAN,37.1313,-97.0859
1,2024,1.53,16.0,22.5,27.0,39.2,28.7,29.9,71.2,-2.6,2092:KS:SCAN,37.1313,-97.0859
2,2024,1.55,11.0,17.9,22.6,38.3,27.6,47.6,84.7,16.2,2092:KS:SCAN,37.1313,-97.0859
3,2024,1.46,10.2,15.4,19.6,37.8,27.3,52.4,81.5,23.4,2092:KS:SCAN,37.1313,-97.0859
4,2024,5.42,15.5,20.8,25.3,40.4,28.9,61.5,91.0,34.2,2092:KS:SCAN,37.1313,-97.0859
5,2024,5.66,11.7,16.0,22.5,38.8,20.0,68.5,87.1,49.8,2092:KS:SCAN,37.1313,-97.0859
6,2024,3.93,9.2,14.1,20.8,31.8,17.1,78.9,99.3,56.5,2092:KS:SCAN,37.1313,-97.0859
7,2024,2.07,4.3,6.8,10.6,25.7,16.5,80.7,103.8,60.8,2092:KS:SCAN,37.1313,-97.0859
8,2024,1.25,4.8,7.5,12.2,23.6,16.4,80.1,100.8,59.4,2092:KS:SCAN,37.1313,-97.0859
9,2024,1.88,4.3,7.1,12.5,22.9,16.0,72.6,100.9,50.0,2092:KS:SCAN,37.1313,-97.0859
10,2024,2.05,14.5,19.0,26.4,36.8,19.1,66.6,93.6,-12.5,2092:KS:SCAN,37.1313,-97.0859
11,2024,6.2,11.6,16.5,24.0,37.8,24.3,,,-99.6,2092:KS:SCAN,37.1313,-97.0859
12,2024,0.03,12.5,16.9,23.2,36.7,23.3,,,,2092:KS:SCAN,37.1313,-97.0859
1,2025,0.68,12.9,17.8,24.2,36.9,22.9,,,,2092:KS:SCAN,37.1313,-97.0859
2,2025,0.16,12.0,17.0,24.2,37.7,23.1,,,,2092:KS:SCAN,37.1313,-97.0859
3,2025,1.55,,,,,,,,,2092:KS:SCAN,37.1313,-97.0859
